# moa_decor_science | файл MOAdecor+SCIENCE+1.20.1.jar | лицензия в mods.toml: Academic Free License v3.0
type	id	en	ru
block	moa_decor_science:barrilinflamable	Flammable barrel	Горючая бочка
block	moa_decor_science:barrilinflamablederramado	Spilled flammable barrel	Разлитая горючая бочка
block	moa_decor_science:barriltoxico	Toxic barrel	Токсичная бочка
block	moa_decor_science:barriltoxicoderramado	Spilled toxic barrel 	Разлитая токсичная бочка
block	moa_decor_science:bascula	Weighing machine	Весы
block	moa_decor_science:biombomamarillo	Yellow medical screen	Жёлтая медицинская ширма
block	moa_decor_science:biombomazul	Blue medical screen	Синяя медицинская ширма
block	moa_decor_science:biombomazulclaro	Light blue medical screen	Светло-синяя медицинская ширма
block	moa_decor_science:biombomblanco	White medical screen	Белая медицинская ширма
block	moa_decor_science:biombomcafe	Brown medical screen	Коричневая медицинская ширма
block	moa_decor_science:biombomcian	Cyan medical screen	Бирюзовая медицинская ширма
block	moa_decor_science:biombomgris	Gray medical screen	Серая медицинская ширма
block	moa_decor_science:biombomgrisclaro	Light gray medical screen	Светло-серая медицинская ширма
block	moa_decor_science:biombommagenta	Magenta medical screen	Пурпурная медицинская ширма
block	moa_decor_science:biombommorado	Purple medical screen	Фиолетовая медицинская ширма
block	moa_decor_science:biombomnaranja	Orange medical screen	Оранжевая медицинская ширма
block	moa_decor_science:biombomnegro	Black medical screen	Чёрная медицинская ширма
block	moa_decor_science:biombomrojo	Red medical screen	Красная медицинская ширма
block	moa_decor_science:biombomrosa	Pink medical screen	Розовая медицинская ширма
block	moa_decor_science:biombomverde	Green medical screen	Зелёная медицинская ширма
block	moa_decor_science:biombomverdelima	Lime medical screen	Лаймовая медицинская ширма
block	moa_decor_science:botiquindepared	Wall medicine cabinet	Настенная аптечка
block	moa_decor_science:brujula	Compass	Компас
block	moa_decor_science:calculadora	Calculator	Калькулятор
block	moa_decor_science:camahamarilla	Yellow hospital bed	Жёлтая больничная койка
block	moa_decor_science:camahazul	Blue hospital bed	Синяя больничная койка
block	moa_decor_science:camahazulclara	Light blue hospital bed	Светло-синяя больничная койка
block	moa_decor_science:camahblanca	White hospital bed	Белая больничная койка
block	moa_decor_science:camahcafe	Brown hospital bed	Коричневая больничная койка
block	moa_decor_science:camahcian	Cyan hospital bed	Бирюзовая больничная койка
block	moa_decor_science:camahgris	Gray hospital bed	Серая больничная койка
block	moa_decor_science:camahgrisclara	Light gray hospital bed	Светло-серая больничная койка
block	moa_decor_science:camahmagenta	Megenta hospital bed	Пурпурная больничная койка
block	moa_decor_science:camahmorada	Purple hospital bed	Фиолетовая больничная койка
block	moa_decor_science:camahnaranja	Orange hospital bed	Оранжевая больничная койка
block	moa_decor_science:camahnegra	Black hospital bed	Чёрная больничная койка
block	moa_decor_science:camahroja	Red hospital bed	Красная больничная койка
block	moa_decor_science:camahrosa	Pink hospital bed	Розовая больничная койка
block	moa_decor_science:camahverde	Green hospital bed	Зелёная больничная койка
block	moa_decor_science:camahverdelima	Lime hospital bed	Лаймовая больничная койка
block	moa_decor_science:documento	Document	Документ
block	moa_decor_science:documentos	Documents	Документы
block	moa_decor_science:frascodepildoras	Pill bottle	Флакон с таблетками
block	moa_decor_science:frascodepildorasabierto	Open pill bottle	Открытый флакон с таблетками
block	moa_decor_science:globoterraqueo	Desk globe	Настольный глобус
block	moa_decor_science:jeringa	Syringe	Шприц
block	moa_decor_science:jeringaamarilla	Yellow syringe	Жёлтый шприц
block	moa_decor_science:jeringaazul	Blue syringe	Синий шприц
block	moa_decor_science:jeringaazulclara	Light blue syringe	Светло-синий шприц
block	moa_decor_science:jeringablanca	White syringe	Белый шприц
block	moa_decor_science:jeringacafe	Brown syringe	Коричневый шприц
block	moa_decor_science:jeringacian	Cyan syringe	Бирюзовый шприц
block	moa_decor_science:jeringagris	Gray syringe	Серый шприц
block	moa_decor_science:jeringagrisclara	Light gray syringe	Светло-серый шприц
block	moa_decor_science:jeringamagenta	Magenta syringe	Пурпурный шприц
block	moa_decor_science:jeringamorada	Purple syringe	Фиолетовый шприц
block	moa_decor_science:jeringanaranja	Orange syringe	Оранжевый шприц
block	moa_decor_science:jeringanegra	Black syringe	Чёрный шприц
block	moa_decor_science:jeringaroja	Red syringe	Красный шприц
block	moa_decor_science:jeringarosa	Pink syringe	Розовый шприц
block	moa_decor_science:jeringaverde	Green syringe	Зелёный шприц
block	moa_decor_science:jeringaverdelima	Lime syringe	Лаймовый шприц
block	moa_decor_science:lectordesignosvitales	Vital signs monitor	Монитор жизненных показателей
block	moa_decor_science:libro	Book	Книга
block	moa_decor_science:libroabierto	Open book	Открытая книга
block	moa_decor_science:libros	Books	Книги
block	moa_decor_science:librosapilados	Stacked books	Стопка книг
block	moa_decor_science:libroytintero	Book and inkwell	Книга и чернильница
block	moa_decor_science:lupa	Magnifying glass	Лупа
block	moa_decor_science:mapadeltesoro	Treasure map	Карта сокровищ
block	moa_decor_science:matrazb	Boiling flask	Колба
block	moa_decor_science:matrazbamarillo	Yellow boiling flask	Жёлтая колба
block	moa_decor_science:matrazbazul	Blue boiling flask	Синяя колба
block	moa_decor_science:matrazbazulclaro	Light blue boiling flask	Светло-синяя колба
block	moa_decor_science:matrazbblanco	White boiling flask	Белая колба
block	moa_decor_science:matrazbcafe	Brown boiling flask	Коричневая колба
block	moa_decor_science:matrazbcian	Cyan boiling flask	Бирюзовая колба
block	moa_decor_science:matrazbgris	Gray boiling flask	Серая колба
block	moa_decor_science:matrazbgrisclaro	Light gray boiling flask	Светло-серая колба
block	moa_decor_science:matrazbmagenta	Magenta boiling flask	Пурпурная колба
block	moa_decor_science:matrazbmorado	Purple boiling flask	Фиолетовая колба
block	moa_decor_science:matrazbnaranja	Orange boiling flask	Оранжевая колба
block	moa_decor_science:matrazbnegro	Black boiling flask	Чёрная колба
block	moa_decor_science:matrazbrojo	Red boiling flask	Красная колба
block	moa_decor_science:matrazbrosa	Pink boiling flask	Розовая колба
block	moa_decor_science:matrazbverde	Grees boiling flask	Зелёная колба
block	moa_decor_science:matrazbverdelima	Lime boiling flask	Лаймовая колба
block	moa_decor_science:microscopio	Microscope	Микроскоп
block	moa_decor_science:pergamino	Parchment	Свиток
block	moa_decor_science:pergaminoenrollado	Rolled parchment	Свёрнутый свиток
block	moa_decor_science:pergaminos	Parchments	Свитки
block	moa_decor_science:pizarra	Blackboard	Доска
block	moa_decor_science:pizarraabecedario	Blackboard with alphabet	Доска с алфавитом
block	moa_decor_science:pizarraadn	Blackboard with DNA	Доска с ДНК
block	moa_decor_science:pizarramatematicas	Blackboard with equations	Доска с уравнениями
block	moa_decor_science:pizarravolumenes	Blackboard with volume calculation	Доска с расчётом объёмов
block	moa_decor_science:portapapeles	Clipboard	Планшет с бумагами
block	moa_decor_science:sueroamarillo	Hanger with yellow serum	Капельница с жёлтой сывороткой
block	moa_decor_science:sueroazul	Hanger with blue serum	Капельница с синей сывороткой
block	moa_decor_science:sueroazulclaro	Hanger with light blue serum	Капельница со светло-синей сывороткой
block	moa_decor_science:sueroblanco	Hanger with white serum	Капельница с белой сывороткой
block	moa_decor_science:suerocafe	Hanger with brown serum	Капельница с коричневой сывороткой
block	moa_decor_science:suerocian	Hanger with cyan serum	Капельница с бирюзовой сывороткой
block	moa_decor_science:suerogris	Hanger with gray serum	Капельница с серой сывороткой
block	moa_decor_science:suerogrisclaro	Hanger with light gray serum	Капельница со светло-серой сывороткой
block	moa_decor_science:sueromagenta	Hanger with magenta serum	Капельница с пурпурной сывороткой
block	moa_decor_science:sueromorado	Hanger with purple serum	Капельница с фиолетовой сывороткой
block	moa_decor_science:sueronaranja	Hanger with orange serum	Капельница с оранжевой сывороткой
block	moa_decor_science:sueronegro	Hanger with black serum	Капельница с чёрной сывороткой
block	moa_decor_science:suerorojo	Hanger with red serum	Капельница с красной сывороткой
block	moa_decor_science:suerorosa	Hanger with pink serum	Капельница с розовой сывороткой
block	moa_decor_science:sueroverde	Hanger with green serum	Капельница с зелёной сывороткой
block	moa_decor_science:sueroverdelima	Hanger with lime serum	Капельница с лаймовой сывороткой
block	moa_decor_science:telescopio	Telescope	Телескоп
block	moa_decor_science:tintero	Inkwell	Чернильница
block	moa_decor_science:tuboensayo	Test tube	Пробирка
block	moa_decor_science:tuboensayoamarillo	Yellow test tube	Жёлтая пробирка
block	moa_decor_science:tuboensayoazul	Blue test tube	Синяя пробирка
block	moa_decor_science:tuboensayoazulclaro	Light blue test tube	Светло-синяя пробирка
block	moa_decor_science:tuboensayoblanco	White test tube	Белая пробирка
block	moa_decor_science:tuboensayocafe	Brown test tube	Коричневая пробирка
block	moa_decor_science:tuboensayocian	Cyan test tube	Бирюзовая пробирка
block	moa_decor_science:tuboensayogris	Gray test tube	Серая пробирка
block	moa_decor_science:tuboensayogrisclaro	Light gray test tube	Светло-серая пробирка
block	moa_decor_science:tuboensayomagenta	Magenta test tube	Пурпурная пробирка
block	moa_decor_science:tuboensayomorado	Purple test tube	Фиолетовая пробирка
block	moa_decor_science:tuboensayonaranja	Orange test tube	Оранжевая пробирка
block	moa_decor_science:tuboensayonegro	Black test tube	Чёрная пробирка
block	moa_decor_science:tuboensayorojo	Red test tube	Красная пробирка
block	moa_decor_science:tuboensayorosa	Pink test tube	Розовая пробирка
block	moa_decor_science:tuboensayoverde	Green test tube	Зелёная пробирка
block	moa_decor_science:tuboensayoverdelima	Lime test tube	Лаймовая пробирка
block	moa_decor_science:tubosensayo	Test tubes	Пробирки
block	moa_decor_science:tubosensayoamarillo	Yellow test tubes	Жёлтые пробирки
block	moa_decor_science:tubosensayoazul	Blue test tubes	Синие пробирки
block	moa_decor_science:tubosensayoazulclaro	Light blue test tubes	Светло-синие пробирки
block	moa_decor_science:tubosensayoblanco	White test tubes	Белые пробирки
block	moa_decor_science:tubosensayocafe	Brown test tubes	Коричневые пробирки
block	moa_decor_science:tubosensayocian	Cyan test tubes	Бирюзовые пробирки
block	moa_decor_science:tubosensayogris	Gray test tubes	Серые пробирки
block	moa_decor_science:tubosensayogrisclaro	Light gray test tubes	Светло-серые пробирки
block	moa_decor_science:tubosensayomagenta	Magenta test tubes	Пурпурные пробирки
block	moa_decor_science:tubosensayomorado	Purple test tubes	Фиолетовые пробирки
block	moa_decor_science:tubosensayonaranja	Orange test tubes	Оранжевые пробирки
block	moa_decor_science:tubosensayonegro	Black test tubes	Чёрные пробирки
block	moa_decor_science:tubosensayorojo	Red test tubes	Красные пробирки
block	moa_decor_science:tubosensayorosa	Pink test tubes	Розовые пробирки
block	moa_decor_science:tubosensayoverde	Green test tubes	Зелёные пробирки
block	moa_decor_science:tubosensayoverdelima	Lime test tubes	Лаймовые пробирки
block	moa_decor_science:veneno	Poison	Яд
item	moa_decor_science:gemadeciencia	Science gem	Научный кристалл
