# refurbished_furniture | файл refurbished_furniture-forge-1.20.1-1.0.20.jar | лицензия в mods.toml: MIT
type	id	en	ru
block	refurbished_furniture:acacia_basin	Acacia Basin	Акациевая раковина
block	refurbished_furniture:acacia_bath	Acacia Bath	Акациевая ванна
block	refurbished_furniture:acacia_chair	Acacia Chair	Акациевый стул
block	refurbished_furniture:acacia_crate	Acacia Crate	Акациевый ящик
block	refurbished_furniture:acacia_cutting_board	Acacia Cutting Board	Акациевая разделочная доска
block	refurbished_furniture:acacia_dark_ceiling_fan	Acacia Dark Ceiling Fan	Тёмный акациевый потолочный вентилятор
block	refurbished_furniture:acacia_desk	Acacia Desk	Акациевый письменный стол
block	refurbished_furniture:acacia_drawer	Acacia Drawer	Акациевый ящик
block	refurbished_furniture:acacia_hedge	Acacia Hedge	Акациевая изгородь
block	refurbished_furniture:acacia_kitchen_cabinetry	Acacia Kitchen Cabinetry	Акациевая кухонная мебель
block	refurbished_furniture:acacia_kitchen_drawer	Acacia Kitchen Drawer	Акациевый кухонный ящик
block	refurbished_furniture:acacia_kitchen_sink	Acacia Kitchen Sink	Акациевая кухонная раковина
block	refurbished_furniture:acacia_kitchen_storage_cabinet	Acacia Kitchen Storage Cabinet	Акациевый кухонный шкаф
block	refurbished_furniture:acacia_lattice_fence	Acacia Lattice Fence	Акациевая решётчатая ограда
block	refurbished_furniture:acacia_lattice_fence_gate	Acacia Lattice Fence Gate	Акациевая решётчатая калитка
block	refurbished_furniture:acacia_light_ceiling_fan	Acacia Light Ceiling Fan	Светлый акациевый потолочный вентилятор
block	refurbished_furniture:acacia_mail_box	Acacia Mailbox	Акациевый почтовый ящик
block	refurbished_furniture:acacia_storage_cabinet	Acacia Storage Cabinet	Акациевый шкаф для хранения
block	refurbished_furniture:acacia_storage_jar	Acacia Storage Jar	Акациевая банка для хранения
block	refurbished_furniture:acacia_table	Acacia Table	Акациевый стол
block	refurbished_furniture:acacia_toilet	Acacia Toilet	Акациевый унитаз
block	refurbished_furniture:andesite_stepping_stones	Andesite Stepping Stones	Андезитовые шаговые камни
block	refurbished_furniture:azalea_hedge	Azalea Hedge	Азалиевая изгородь
block	refurbished_furniture:birch_basin	Birch Basin	Берёзовая раковина
block	refurbished_furniture:birch_bath	Birch Bath	Берёзовая ванна
block	refurbished_furniture:birch_chair	Birch Chair	Берёзовый стул
block	refurbished_furniture:birch_crate	Birch Crate	Берёзовый ящик
block	refurbished_furniture:birch_cutting_board	Birch Cutting Board	Берёзовая разделочная доска
block	refurbished_furniture:birch_dark_ceiling_fan	Birch Dark Ceiling Fan	Тёмный берёзовый потолочный вентилятор
block	refurbished_furniture:birch_desk	Birch Desk	Берёзовый письменный стол
block	refurbished_furniture:birch_drawer	Birch Drawer	Берёзовый ящик
block	refurbished_furniture:birch_hedge	Birch Hedge	Берёзовая изгородь
block	refurbished_furniture:birch_kitchen_cabinetry	Birch Kitchen Cabinetry	Берёзовая кухонная мебель
block	refurbished_furniture:birch_kitchen_drawer	Birch Kitchen Drawer	Берёзовый кухонный ящик
block	refurbished_furniture:birch_kitchen_sink	Birch Kitchen Sink	Берёзовая кухонная раковина
block	refurbished_furniture:birch_kitchen_storage_cabinet	Birch Kitchen Storage Cabinet	Берёзовый кухонный шкаф
block	refurbished_furniture:birch_lattice_fence	Birch Lattice Fence	Берёзовая решётчатая ограда
block	refurbished_furniture:birch_lattice_fence_gate	Birch Lattice Fence Gate	Берёзовая решётчатая калитка
block	refurbished_furniture:birch_light_ceiling_fan	Birch Light Ceiling Fan	Светлый берёзовый потолочный вентилятор
block	refurbished_furniture:birch_mail_box	Birch Mailbox	Берёзовый почтовый ящик
block	refurbished_furniture:birch_storage_cabinet	Birch Storage Cabinet	Берёзовый шкаф для хранения
block	refurbished_furniture:birch_storage_jar	Birch Storage Jar	Берёзовая банка для хранения
block	refurbished_furniture:birch_table	Birch Table	Берёзовый стол
block	refurbished_furniture:birch_toilet	Birch Toilet	Берёзовый унитаз
block	refurbished_furniture:black_basin	Black Basin	Чёрная раковина
block	refurbished_furniture:black_bath	Black Bath	Чёрная ванна
block	refurbished_furniture:black_cooler	Black Cooler	Чёрный охладитель
block	refurbished_furniture:black_grill	Black Grill	Чёрный гриль
block	refurbished_furniture:black_kitchen_cabinetry	Black Kitchen Cabinetry	Чёрная кухонная мебель
block	refurbished_furniture:black_kitchen_drawer	Black Kitchen Drawer	Чёрный кухонный ящик
block	refurbished_furniture:black_kitchen_sink	Black Kitchen Sink	Чёрная кухонная раковина
block	refurbished_furniture:black_kitchen_storage_cabinet	Black Kitchen Storage Cabinet	Чёрный кухонный шкаф
block	refurbished_furniture:black_lamp	Black Lamp	Чёрная лампа
block	refurbished_furniture:black_sofa	Black Sofa	Чёрный диван
block	refurbished_furniture:black_stool	Black Stool	Чёрный табурет
block	refurbished_furniture:black_toilet	Black Toilet	Чёрный унитаз
block	refurbished_furniture:black_trampoline	Black Trampoline	Чёрный батут
block	refurbished_furniture:blue_basin	Blue Basin	Синяя раковина
block	refurbished_furniture:blue_bath	Blue Bath	Синяя ванна
block	refurbished_furniture:blue_cooler	Blue Cooler	Синий охладитель
block	refurbished_furniture:blue_grill	Blue Grill	Синий гриль
block	refurbished_furniture:blue_kitchen_cabinetry	Blue Kitchen Cabinetry	Синяя кухонная мебель
block	refurbished_furniture:blue_kitchen_drawer	Blue Kitchen Drawer	Синий кухонный ящик
block	refurbished_furniture:blue_kitchen_sink	Blue Kitchen Sink	Синяя кухонная раковина
block	refurbished_furniture:blue_kitchen_storage_cabinet	Blue Kitchen Storage Cabinet	Синий кухонный шкаф
block	refurbished_furniture:blue_lamp	Blue Lamp	Синяя лампа
block	refurbished_furniture:blue_sofa	Blue Sofa	Синий диван
block	refurbished_furniture:blue_stool	Blue Stool	Синий табурет
block	refurbished_furniture:blue_toilet	Blue Toilet	Синий унитаз
block	refurbished_furniture:blue_trampoline	Blue Trampoline	Синий батут
block	refurbished_furniture:brown_basin	Brown Basin	Коричневая раковина
block	refurbished_furniture:brown_bath	Brown Bath	Коричневая ванна
block	refurbished_furniture:brown_cooler	Brown Cooler	Коричневый охладитель
block	refurbished_furniture:brown_grill	Brown Grill	Коричневый гриль
block	refurbished_furniture:brown_kitchen_cabinetry	Brown Kitchen Cabinetry	Коричневая кухонная мебель
block	refurbished_furniture:brown_kitchen_drawer	Brown Kitchen Drawer	Коричневый кухонный ящик
block	refurbished_furniture:brown_kitchen_sink	Brown Kitchen Sink	Коричневая кухонная раковина
block	refurbished_furniture:brown_kitchen_storage_cabinet	Brown Kitchen Storage Cabinet	Коричневый кухонный шкаф
block	refurbished_furniture:brown_lamp	Brown Lamp	Коричневая лампа
block	refurbished_furniture:brown_sofa	Brown Sofa	Коричневый диван
block	refurbished_furniture:brown_stool	Brown Stool	Коричневый табурет
block	refurbished_furniture:brown_toilet	Brown Toilet	Коричневый унитаз
block	refurbished_furniture:brown_trampoline	Brown Trampoline	Коричневый батут
block	refurbished_furniture:cherry_basin	Cherry Basin	Вишнёвая раковина
block	refurbished_furniture:cherry_bath	Cherry Bath	Вишнёвая ванна
block	refurbished_furniture:cherry_chair	Cherry Chair	Вишнёвый стул
block	refurbished_furniture:cherry_crate	Cherry Crate	Вишнёвый ящик
block	refurbished_furniture:cherry_cutting_board	Cherry Cutting Board	Вишнёвая разделочная доска
block	refurbished_furniture:cherry_dark_ceiling_fan	Cherry Dark Ceiling Fan	Тёмный вишнёвый потолочный вентилятор
block	refurbished_furniture:cherry_desk	Cherry Desk	Вишнёвый письменный стол
block	refurbished_furniture:cherry_drawer	Cherry Drawer	Вишнёвый ящик
block	refurbished_furniture:cherry_hedge	Cherry Hedge	Вишнёвая изгородь
block	refurbished_furniture:cherry_kitchen_cabinetry	Cherry Kitchen Cabinetry	Вишнёвая кухонная мебель
block	refurbished_furniture:cherry_kitchen_drawer	Cherry Kitchen Drawer	Вишнёвый кухонный ящик
block	refurbished_furniture:cherry_kitchen_sink	Cherry Kitchen Sink	Вишнёвая кухонная раковина
block	refurbished_furniture:cherry_kitchen_storage_cabinet	Cherry Kitchen Storage Cabinet	Вишнёвый кухонный шкаф
block	refurbished_furniture:cherry_lattice_fence	Cherry Lattice Fence	Вишнёвая решётчатая ограда
block	refurbished_furniture:cherry_lattice_fence_gate	Cherry Lattice Fence Gate	Вишнёвая решётчатая калитка
block	refurbished_furniture:cherry_light_ceiling_fan	Cherry Light Ceiling Fan	Светлый вишнёвый потолочный вентилятор
block	refurbished_furniture:cherry_mail_box	Cherry Mailbox	Вишнёвый почтовый ящик
block	refurbished_furniture:cherry_storage_cabinet	Cherry Storage Cabinet	Вишнёвый шкаф для хранения
block	refurbished_furniture:cherry_storage_jar	Cherry Storage Jar	Вишнёвая банка для хранения
block	refurbished_furniture:cherry_table	Cherry Table	Вишнёвый стол
block	refurbished_furniture:cherry_toilet	Cherry Toilet	Вишнёвый унитаз
block	refurbished_furniture:computer	Computer	Компьютер
block	refurbished_furniture:crimson_basin	Crimson Basin	Багровая раковина
block	refurbished_furniture:crimson_bath	Crimson Bath	Багровая ванна
block	refurbished_furniture:crimson_chair	Crimson Chair	Багровый стул
block	refurbished_furniture:crimson_crate	Crimson Crate	Багровый ящик
block	refurbished_furniture:crimson_cutting_board	Crimson Cutting Board	Багровая разделочная доска
block	refurbished_furniture:crimson_dark_ceiling_fan	Crimson Dark Ceiling Fan	Тёмный багровый потолочный вентилятор
block	refurbished_furniture:crimson_desk	Crimson Desk	Багровый письменный стол
block	refurbished_furniture:crimson_drawer	Crimson Drawer	Багровый ящик
block	refurbished_furniture:crimson_kitchen_cabinetry	Crimson Kitchen Cabinetry	Багровая кухонная мебель
block	refurbished_furniture:crimson_kitchen_drawer	Crimson Kitchen Drawer	Багровый кухонный ящик
block	refurbished_furniture:crimson_kitchen_sink	Crimson Kitchen Sink	Багровая кухонная раковина
block	refurbished_furniture:crimson_kitchen_storage_cabinet	Crimson Kitchen Storage Cabinet	Багровый кухонный шкаф
block	refurbished_furniture:crimson_lattice_fence	Crimson Lattice Fence	Багровая решётчатая ограда
block	refurbished_furniture:crimson_lattice_fence_gate	Crimson Lattice Fence Gate	Багровая решётчатая калитка
block	refurbished_furniture:crimson_light_ceiling_fan	Crimson Light Ceiling Fan	Светлый багровый потолочный вентилятор
block	refurbished_furniture:crimson_mail_box	Crimson Mailbox	Багровый почтовый ящик
block	refurbished_furniture:crimson_storage_cabinet	Crimson Storage Cabinet	Багровый шкаф для хранения
block	refurbished_furniture:crimson_storage_jar	Crimson Storage Jar	Багровая банка для хранения
block	refurbished_furniture:crimson_table	Crimson Table	Багровый стол
block	refurbished_furniture:crimson_toilet	Crimson Toilet	Багровый унитаз
block	refurbished_furniture:cyan_basin	Cyan Basin	Бирюзовая раковина
block	refurbished_furniture:cyan_bath	Cyan Bath	Бирюзовая ванна
block	refurbished_furniture:cyan_cooler	Cyan Cooler	Бирюзовый охладитель
block	refurbished_furniture:cyan_grill	Cyan Grill	Бирюзовый гриль
block	refurbished_furniture:cyan_kitchen_cabinetry	Cyan Kitchen Cabinetry	Бирюзовая кухонная мебель
block	refurbished_furniture:cyan_kitchen_drawer	Cyan Kitchen Drawer	Бирюзовый кухонный ящик
block	refurbished_furniture:cyan_kitchen_sink	Cyan Kitchen Sink	Бирюзовая кухонная раковина
block	refurbished_furniture:cyan_kitchen_storage_cabinet	Cyan Kitchen Storage Cabinet	Бирюзовый кухонный шкаф
block	refurbished_furniture:cyan_lamp	Cyan Lamp	Бирюзовая лампа
block	refurbished_furniture:cyan_sofa	Cyan Sofa	Бирюзовый диван
block	refurbished_furniture:cyan_stool	Cyan Stool	Бирюзовый табурет
block	refurbished_furniture:cyan_toilet	Cyan Toilet	Бирюзовый унитаз
block	refurbished_furniture:cyan_trampoline	Cyan Trampoline	Бирюзовый батут
block	refurbished_furniture:dark_ceiling_light	Dark Ceiling Light	Тёмный потолочный светильник
block	refurbished_furniture:dark_electricity_generator	Dark Electricity Generator	Тёмный генератор электричества
block	refurbished_furniture:dark_fridge	Dark Fridge	Тёмный холодильник
block	refurbished_furniture:dark_lightswitch	Dark Lightswitch	Тёмный выключатель
block	refurbished_furniture:dark_microwave	Dark Microwave	Тёмная микроволновка
block	refurbished_furniture:dark_oak_basin	Dark Oak Basin	Раковина из тёмного дуба
block	refurbished_furniture:dark_oak_bath	Dark Oak Bath	Ванна из тёмного дуба
block	refurbished_furniture:dark_oak_chair	Dark Oak Chair	Стул из тёмного дуба
block	refurbished_furniture:dark_oak_crate	Dark Oak Crate	Ящик из тёмного дуба
block	refurbished_furniture:dark_oak_cutting_board	Dark Oak Cutting Board	Разделочная доска из тёмного дуба
block	refurbished_furniture:dark_oak_dark_ceiling_fan	Dark Oak Dark Ceiling Fan	Тёмный потолочный вентилятор из тёмного дуба
block	refurbished_furniture:dark_oak_desk	Dark Oak Desk	Письменный стол из тёмного дуба
block	refurbished_furniture:dark_oak_drawer	Dark Oak Drawer	Ящик из тёмного дуба
block	refurbished_furniture:dark_oak_hedge	Dark Oak Hedge	Изгородь из тёмного дуба
block	refurbished_furniture:dark_oak_kitchen_cabinetry	Dark Oak Kitchen Cabinetry	Кухонная мебель из тёмного дуба
block	refurbished_furniture:dark_oak_kitchen_drawer	Dark Oak Kitchen Drawer	Кухонный ящик из тёмного дуба
block	refurbished_furniture:dark_oak_kitchen_sink	Dark Oak Kitchen Sink	Кухонная раковина из тёмного дуба
block	refurbished_furniture:dark_oak_kitchen_storage_cabinet	Dark Oak Kitchen Storage Cabinet	Кухонный шкаф из тёмного дуба
block	refurbished_furniture:dark_oak_lattice_fence	Dark Oak Lattice Fence	Решётчатая ограда из тёмного дуба
block	refurbished_furniture:dark_oak_lattice_fence_gate	Dark Oak Lattice Fence Gate	Решётчатая калитка из тёмного дуба
block	refurbished_furniture:dark_oak_light_ceiling_fan	Dark Oak Light Ceiling Fan	Светлый потолочный вентилятор из тёмного дуба
block	refurbished_furniture:dark_oak_mail_box	Dark Oak Mailbox	Почтовый ящик из тёмного дуба
block	refurbished_furniture:dark_oak_storage_cabinet	Dark Oak Storage Cabinet	Шкаф для хранения из тёмного дуба
block	refurbished_furniture:dark_oak_storage_jar	Dark Oak Storage Jar	Банка для хранения из тёмного дуба
block	refurbished_furniture:dark_oak_table	Dark Oak Table	Стол из тёмного дуба
block	refurbished_furniture:dark_oak_toilet	Dark Oak Toilet	Унитаз из тёмного дуба
block	refurbished_furniture:dark_range_hood	Dark Range Hood	Тёмная вытяжка
block	refurbished_furniture:dark_stove	Dark Stove	Тёмная плита
block	refurbished_furniture:dark_toaster	Dark Toaster	Тёмный тостер
block	refurbished_furniture:deepslate_stepping_stones	Deepslate Stepping Stones	Глубокосланцевые шаговые камни
block	refurbished_furniture:diorite_stepping_stones	Diorite Stepping Stones	Диоритовые шаговые камни
block	refurbished_furniture:door_mat	Door Mat	Дверной коврик
block	refurbished_furniture:doorbell	Doorbell	Дверной звонок
block	refurbished_furniture:frying_pan	Frying Pan	Сковорода
block	refurbished_furniture:granite_stepping_stones	Granite Stepping Stones	Гранитные шаговые камни
block	refurbished_furniture:gray_basin	Gray Basin	Серая раковина
block	refurbished_furniture:gray_bath	Gray Bath	Серая ванна
block	refurbished_furniture:gray_cooler	Gray Cooler	Серый охладитель
block	refurbished_furniture:gray_grill	Gray Grill	Серый гриль
block	refurbished_furniture:gray_kitchen_cabinetry	Gray Kitchen Cabinetry	Серая кухонная мебель
block	refurbished_furniture:gray_kitchen_drawer	Gray Kitchen Drawer	Серый кухонный ящик
block	refurbished_furniture:gray_kitchen_sink	Gray Kitchen Sink	Серая кухонная раковина
block	refurbished_furniture:gray_kitchen_storage_cabinet	Gray Kitchen Storage Cabinet	Серый кухонный шкаф
block	refurbished_furniture:gray_lamp	Gray Lamp	Серая лампа
block	refurbished_furniture:gray_sofa	Gray Sofa	Серый диван
block	refurbished_furniture:gray_stool	Gray Stool	Серый табурет
block	refurbished_furniture:gray_toilet	Gray Toilet	Серый унитаз
block	refurbished_furniture:gray_trampoline	Gray Trampoline	Серый батут
block	refurbished_furniture:green_basin	Green Basin	Зелёная раковина
block	refurbished_furniture:green_bath	Green Bath	Зелёная ванна
block	refurbished_furniture:green_cooler	Green Cooler	Зелёный охладитель
block	refurbished_furniture:green_grill	Green Grill	Зелёный гриль
block	refurbished_furniture:green_kitchen_cabinetry	Green Kitchen Cabinetry	Зелёная кухонная мебель
block	refurbished_furniture:green_kitchen_drawer	Green Kitchen Drawer	Зелёный кухонный ящик
block	refurbished_furniture:green_kitchen_sink	Green Kitchen Sink	Зелёная кухонная раковина
block	refurbished_furniture:green_kitchen_storage_cabinet	Green Kitchen Storage Cabinet	Зелёный кухонный шкаф
block	refurbished_furniture:green_lamp	Green Lamp	Зелёная лампа
block	refurbished_furniture:green_sofa	Green Sofa	Зелёный диван
block	refurbished_furniture:green_stool	Green Stool	Зелёный табурет
block	refurbished_furniture:green_toilet	Green Toilet	Зелёный унитаз
block	refurbished_furniture:green_trampoline	Green Trampoline	Зелёный батут
block	refurbished_furniture:jungle_basin	Jungle Basin	Тропическая раковина
block	refurbished_furniture:jungle_bath	Jungle Bath	Тропическая ванна
block	refurbished_furniture:jungle_chair	Jungle Chair	Тропический стул
block	refurbished_furniture:jungle_crate	Jungle Crate	Тропический ящик
block	refurbished_furniture:jungle_cutting_board	Jungle Cutting Board	Тропическая разделочная доска
block	refurbished_furniture:jungle_dark_ceiling_fan	Jungle Dark Ceiling Fan	Тёмный тропический потолочный вентилятор
block	refurbished_furniture:jungle_desk	Jungle Desk	Тропический письменный стол
block	refurbished_furniture:jungle_drawer	Jungle Drawer	Тропический ящик
block	refurbished_furniture:jungle_hedge	Jungle Hedge	Тропическая изгородь
block	refurbished_furniture:jungle_kitchen_cabinetry	Jungle Kitchen Cabinetry	Тропическая кухонная мебель
block	refurbished_furniture:jungle_kitchen_drawer	Jungle Kitchen Drawer	Тропический кухонный ящик
block	refurbished_furniture:jungle_kitchen_sink	Jungle Kitchen Sink	Тропическая кухонная раковина
block	refurbished_furniture:jungle_kitchen_storage_cabinet	Jungle Kitchen Storage Cabinet	Тропический кухонный шкаф
block	refurbished_furniture:jungle_lattice_fence	Jungle Lattice Fence	Тропическая решётчатая ограда
block	refurbished_furniture:jungle_lattice_fence_gate	Jungle Lattice Fence Gate	Тропическая решётчатая калитка
block	refurbished_furniture:jungle_light_ceiling_fan	Jungle Light Ceiling Fan	Светлый тропический потолочный вентилятор
block	refurbished_furniture:jungle_mail_box	Jungle Mailbox	Тропический почтовый ящик
block	refurbished_furniture:jungle_storage_cabinet	Jungle Storage Cabinet	Тропический шкаф для хранения
block	refurbished_furniture:jungle_storage_jar	Jungle Storage Jar	Тропическая банка для хранения
block	refurbished_furniture:jungle_table	Jungle Table	Тропический стол
block	refurbished_furniture:jungle_toilet	Jungle Toilet	Тропический унитаз
block	refurbished_furniture:light_blue_basin	Light Blue Basin	Голубая раковина
block	refurbished_furniture:light_blue_bath	Light Blue Bath	Голубая ванна
block	refurbished_furniture:light_blue_cooler	Light Blue Cooler	Голубой охладитель
block	refurbished_furniture:light_blue_grill	Light Blue Grill	Голубой гриль
block	refurbished_furniture:light_blue_kitchen_cabinetry	Light Blue Kitchen Cabinetry	Голубая кухонная мебель
block	refurbished_furniture:light_blue_kitchen_drawer	Light Blue Kitchen Drawer	Голубой кухонный ящик
block	refurbished_furniture:light_blue_kitchen_sink	Light Blue Kitchen Sink	Голубая кухонная раковина
block	refurbished_furniture:light_blue_kitchen_storage_cabinet	Light Blue Kitchen Storage Cabinet	Голубой кухонный шкаф
block	refurbished_furniture:light_blue_lamp	Light Blue Lamp	Голубая лампа
block	refurbished_furniture:light_blue_sofa	Light Blue Sofa	Голубой диван
block	refurbished_furniture:light_blue_stool	Light Blue Stool	Голубой табурет
block	refurbished_furniture:light_blue_toilet	Light Blue Toilet	Голубой унитаз
block	refurbished_furniture:light_blue_trampoline	Light Blue Trampoline	Голубой батут
block	refurbished_furniture:light_ceiling_light	Light Ceiling Light	Светлый потолочный светильник
block	refurbished_furniture:light_electricity_generator	Light Electricity Generator	Светлый генератор электричества
block	refurbished_furniture:light_fridge	Light Fridge	Светлый холодильник
block	refurbished_furniture:light_gray_basin	Light Gray Basin	Светло-серая раковина
block	refurbished_furniture:light_gray_bath	Light Gray Bath	Светло-серая ванна
block	refurbished_furniture:light_gray_cooler	Light Gray Cooler	Светло-серый охладитель
block	refurbished_furniture:light_gray_grill	Light Gray Grill	Светло-серый гриль
block	refurbished_furniture:light_gray_kitchen_cabinetry	Light Gray Kitchen Cabinetry	Светло-серая кухонная мебель
block	refurbished_furniture:light_gray_kitchen_drawer	Light Gray Kitchen Drawer	Светло-серый кухонный ящик
block	refurbished_furniture:light_gray_kitchen_sink	Light Gray Kitchen Sink	Светло-серая кухонная раковина
block	refurbished_furniture:light_gray_kitchen_storage_cabinet	Light Gray Kitchen Storage Cabinet	Светло-серый кухонный шкаф
block	refurbished_furniture:light_gray_lamp	Light Gray Lamp	Светло-серая лампа
block	refurbished_furniture:light_gray_sofa	Light Gray Sofa	Светло-серый диван
block	refurbished_furniture:light_gray_stool	Light Gray Stool	Светло-серый табурет
block	refurbished_furniture:light_gray_toilet	Light Gray Toilet	Светло-серый унитаз
block	refurbished_furniture:light_gray_trampoline	Light Gray Trampoline	Светло-серый батут
block	refurbished_furniture:light_lightswitch	Light Lightswitch	Светлый выключатель
block	refurbished_furniture:light_microwave	Light Microwave	Светлая микроволновка
block	refurbished_furniture:light_range_hood	Light Range Hood	Светлая вытяжка
block	refurbished_furniture:light_stove	Light Stove	Светлая плита
block	refurbished_furniture:light_toaster	Light Toaster	Светлый тостер
block	refurbished_furniture:lime_basin	Lime Basin	Лаймовая раковина
block	refurbished_furniture:lime_bath	Lime Bath	Лаймовая ванна
block	refurbished_furniture:lime_cooler	Lime Cooler	Лаймовый охладитель
block	refurbished_furniture:lime_grill	Lime Grill	Лаймовый гриль
block	refurbished_furniture:lime_kitchen_cabinetry	Lime Kitchen Cabinetry	Лаймовая кухонная мебель
block	refurbished_furniture:lime_kitchen_drawer	Lime Kitchen Drawer	Лаймовый кухонный ящик
block	refurbished_furniture:lime_kitchen_sink	Lime Kitchen Sink	Лаймовая кухонная раковина
block	refurbished_furniture:lime_kitchen_storage_cabinet	Lime Kitchen Storage Cabinet	Лаймовый кухонный шкаф
block	refurbished_furniture:lime_lamp	Lime Lamp	Лаймовая лампа
block	refurbished_furniture:lime_sofa	Lime Sofa	Лаймовый диван
block	refurbished_furniture:lime_stool	Lime Stool	Лаймовый табурет
block	refurbished_furniture:lime_toilet	Lime Toilet	Лаймовый унитаз
block	refurbished_furniture:lime_trampoline	Lime Trampoline	Лаймовый батут
block	refurbished_furniture:magenta_basin	Magenta Basin	Пурпурная раковина
block	refurbished_furniture:magenta_bath	Magenta Bath	Пурпурная ванна
block	refurbished_furniture:magenta_cooler	Magenta Cooler	Пурпурный охладитель
block	refurbished_furniture:magenta_grill	Magenta Grill	Пурпурный гриль
block	refurbished_furniture:magenta_kitchen_cabinetry	Magenta Kitchen Cabinetry	Пурпурная кухонная мебель
block	refurbished_furniture:magenta_kitchen_drawer	Magenta Kitchen Drawer	Пурпурный кухонный ящик
block	refurbished_furniture:magenta_kitchen_sink	Magenta Kitchen Sink	Пурпурная кухонная раковина
block	refurbished_furniture:magenta_kitchen_storage_cabinet	Magenta Kitchen Storage Cabinet	Пурпурный кухонный шкаф
block	refurbished_furniture:magenta_lamp	Magenta Lamp	Пурпурная лампа
block	refurbished_furniture:magenta_sofa	Magenta Sofa	Пурпурный диван
block	refurbished_furniture:magenta_stool	Magenta Stool	Пурпурный табурет
block	refurbished_furniture:magenta_toilet	Magenta Toilet	Пурпурный унитаз
block	refurbished_furniture:magenta_trampoline	Magenta Trampoline	Пурпурный батут
block	refurbished_furniture:mangrove_basin	Mangrove Basin	Мангровая раковина
block	refurbished_furniture:mangrove_bath	Mangrove Bath	Мангровая ванна
block	refurbished_furniture:mangrove_chair	Mangrove Chair	Мангровый стул
block	refurbished_furniture:mangrove_crate	Mangrove Crate	Мангровый ящик
block	refurbished_furniture:mangrove_cutting_board	Mangrove Cutting Board	Мангровая разделочная доска
block	refurbished_furniture:mangrove_dark_ceiling_fan	Mangrove Dark Ceiling Fan	Тёмный мангровый потолочный вентилятор
block	refurbished_furniture:mangrove_desk	Mangrove Desk	Мангровый письменный стол
block	refurbished_furniture:mangrove_drawer	Mangrove Drawer	Мангровый ящик
block	refurbished_furniture:mangrove_hedge	Mangrove Hedge	Мангровая изгородь
block	refurbished_furniture:mangrove_kitchen_cabinetry	Mangrove Kitchen Cabinetry	Мангровая кухонная мебель
block	refurbished_furniture:mangrove_kitchen_drawer	Mangrove Kitchen Drawer	Мангровый кухонный ящик
block	refurbished_furniture:mangrove_kitchen_sink	Mangrove Kitchen Sink	Мангровая кухонная раковина
block	refurbished_furniture:mangrove_kitchen_storage_cabinet	Mangrove Kitchen Storage Cabinet	Мангровый кухонный шкаф
block	refurbished_furniture:mangrove_lattice_fence	Mangrove Lattice Fence	Мангровая решётчатая ограда
block	refurbished_furniture:mangrove_lattice_fence_gate	Mangrove Lattice Fence Gate	Мангровая решётчатая калитка
block	refurbished_furniture:mangrove_light_ceiling_fan	Mangrove Light Ceiling Fan	Светлый мангровый потолочный вентилятор
block	refurbished_furniture:mangrove_mail_box	Mangrove Mailbox	Мангровый почтовый ящик
block	refurbished_furniture:mangrove_storage_cabinet	Mangrove Storage Cabinet	Мангровый шкаф для хранения
block	refurbished_furniture:mangrove_storage_jar	Mangrove Storage Jar	Мангровая банка для хранения
block	refurbished_furniture:mangrove_table	Mangrove Table	Мангровый стол
block	refurbished_furniture:mangrove_toilet	Mangrove Toilet	Мангровый унитаз
block	refurbished_furniture:milk	Milk	Молоко
block	refurbished_furniture:oak_basin	Oak Basin	Дубовая раковина
block	refurbished_furniture:oak_bath	Oak Bath	Дубовая ванна
block	refurbished_furniture:oak_chair	Oak Chair	Дубовый стул
block	refurbished_furniture:oak_crate	Oak Crate	Дубовый ящик
block	refurbished_furniture:oak_cutting_board	Oak Cutting Board	Дубовая разделочная доска
block	refurbished_furniture:oak_dark_ceiling_fan	Oak Dark Ceiling Fan	Тёмный дубовый потолочный вентилятор
block	refurbished_furniture:oak_desk	Oak Desk	Дубовый письменный стол
block	refurbished_furniture:oak_drawer	Oak Drawer	Дубовый ящик
block	refurbished_furniture:oak_hedge	Oak Hedge	Дубовая изгородь
block	refurbished_furniture:oak_kitchen_cabinetry	Oak Kitchen Cabinetry	Дубовая кухонная мебель
block	refurbished_furniture:oak_kitchen_drawer	Oak Kitchen Drawer	Дубовый кухонный ящик
block	refurbished_furniture:oak_kitchen_sink	Oak Kitchen Sink	Дубовая кухонная раковина
block	refurbished_furniture:oak_kitchen_storage_cabinet	Oak Kitchen Storage Cabinet	Дубовый кухонный шкаф
block	refurbished_furniture:oak_lattice_fence	Oak Lattice Fence	Дубовая решётчатая ограда
block	refurbished_furniture:oak_lattice_fence_gate	Oak Lattice Fence Gate	Дубовая решётчатая калитка
block	refurbished_furniture:oak_light_ceiling_fan	Oak Light Ceiling Fan	Светлый дубовый потолочный вентилятор
block	refurbished_furniture:oak_mail_box	Oak Mailbox	Дубовый почтовый ящик
block	refurbished_furniture:oak_storage_cabinet	Oak Storage Cabinet	Дубовый шкаф для хранения
block	refurbished_furniture:oak_storage_jar	Oak Storage Jar	Дубовая банка для хранения
block	refurbished_furniture:oak_table	Oak Table	Дубовый стол
block	refurbished_furniture:oak_toilet	Oak Toilet	Дубовый унитаз
block	refurbished_furniture:orange_basin	Orange Basin	Оранжевая раковина
block	refurbished_furniture:orange_bath	Orange Bath	Оранжевая ванна
block	refurbished_furniture:orange_cooler	Orange Cooler	Оранжевый охладитель
block	refurbished_furniture:orange_grill	Orange Grill	Оранжевый гриль
block	refurbished_furniture:orange_kitchen_cabinetry	Orange Kitchen Cabinetry	Оранжевая кухонная мебель
block	refurbished_furniture:orange_kitchen_drawer	Orange Kitchen Drawer	Оранжевый кухонный ящик
block	refurbished_furniture:orange_kitchen_sink	Orange Kitchen Sink	Оранжевая кухонная раковина
block	refurbished_furniture:orange_kitchen_storage_cabinet	Orange Kitchen Storage Cabinet	Оранжевый кухонный шкаф
block	refurbished_furniture:orange_lamp	Orange Lamp	Оранжевая лампа
block	refurbished_furniture:orange_sofa	Orange Sofa	Оранжевый диван
block	refurbished_furniture:orange_stool	Orange Stool	Оранжевый табурет
block	refurbished_furniture:orange_toilet	Orange Toilet	Оранжевый унитаз
block	refurbished_furniture:orange_trampoline	Orange Trampoline	Оранжевый батут
block	refurbished_furniture:pink_basin	Pink Basin	Розовая раковина
block	refurbished_furniture:pink_bath	Pink Bath	Розовая ванна
block	refurbished_furniture:pink_cooler	Pink Cooler	Розовый охладитель
block	refurbished_furniture:pink_grill	Pink Grill	Розовый гриль
block	refurbished_furniture:pink_kitchen_cabinetry	Pink Kitchen Cabinetry	Розовая кухонная мебель
block	refurbished_furniture:pink_kitchen_drawer	Pink Kitchen Drawer	Розовый кухонный ящик
block	refurbished_furniture:pink_kitchen_sink	Pink Kitchen Sink	Розовая кухонная раковина
block	refurbished_furniture:pink_kitchen_storage_cabinet	Pink Kitchen Storage Cabinet	Розовый кухонный шкаф
block	refurbished_furniture:pink_lamp	Pink Lamp	Розовая лампа
block	refurbished_furniture:pink_sofa	Pink Sofa	Розовый диван
block	refurbished_furniture:pink_stool	Pink Stool	Розовый табурет
block	refurbished_furniture:pink_toilet	Pink Toilet	Розовый унитаз
block	refurbished_furniture:pink_trampoline	Pink Trampoline	Розовый батут
block	refurbished_furniture:plate	Plate	Тарелка
block	refurbished_furniture:post_box	Post Box	Почтовый ящик (отправка)
block	refurbished_furniture:purple_basin	Purple Basin	Фиолетовая раковина
block	refurbished_furniture:purple_bath	Purple Bath	Фиолетовая ванна
block	refurbished_furniture:purple_cooler	Purple Cooler	Фиолетовый охладитель
block	refurbished_furniture:purple_grill	Purple Grill	Фиолетовый гриль
block	refurbished_furniture:purple_kitchen_cabinetry	Purple Kitchen Cabinetry	Фиолетовая кухонная мебель
block	refurbished_furniture:purple_kitchen_drawer	Purple Kitchen Drawer	Фиолетовый кухонный ящик
block	refurbished_furniture:purple_kitchen_sink	Purple Kitchen Sink	Фиолетовая кухонная раковина
block	refurbished_furniture:purple_kitchen_storage_cabinet	Purple Kitchen Storage Cabinet	Фиолетовый кухонный шкаф
block	refurbished_furniture:purple_lamp	Purple Lamp	Фиолетовая лампа
block	refurbished_furniture:purple_sofa	Purple Sofa	Фиолетовый диван
block	refurbished_furniture:purple_stool	Purple Stool	Фиолетовый табурет
block	refurbished_furniture:purple_toilet	Purple Toilet	Фиолетовый унитаз
block	refurbished_furniture:purple_trampoline	Purple Trampoline	Фиолетовый батут
block	refurbished_furniture:recycle_bin	Recycle Bin	Корзина для переработки
block	refurbished_furniture:red_basin	Red Basin	Красная раковина
block	refurbished_furniture:red_bath	Red Bath	Красная ванна
block	refurbished_furniture:red_cooler	Red Cooler	Красный охладитель
block	refurbished_furniture:red_grill	Red Grill	Красный гриль
block	refurbished_furniture:red_kitchen_cabinetry	Red Kitchen Cabinetry	Красная кухонная мебель
block	refurbished_furniture:red_kitchen_drawer	Red Kitchen Drawer	Красный кухонный ящик
block	refurbished_furniture:red_kitchen_sink	Red Kitchen Sink	Красная кухонная раковина
block	refurbished_furniture:red_kitchen_storage_cabinet	Red Kitchen Storage Cabinet	Красный кухонный шкаф
block	refurbished_furniture:red_lamp	Red Lamp	Красная лампа
block	refurbished_furniture:red_sofa	Red Sofa	Красный диван
block	refurbished_furniture:red_stool	Red Stool	Красный табурет
block	refurbished_furniture:red_toilet	Red Toilet	Красный унитаз
block	refurbished_furniture:red_trampoline	Red Trampoline	Красный батут
block	refurbished_furniture:spruce_basin	Spruce Basin	Еловая раковина
block	refurbished_furniture:spruce_bath	Spruce Bath	Еловая ванна
block	refurbished_furniture:spruce_chair	Spruce Chair	Еловый стул
block	refurbished_furniture:spruce_crate	Spruce Crate	Еловый ящик
block	refurbished_furniture:spruce_cutting_board	Spruce Cutting Board	Еловая разделочная доска
block	refurbished_furniture:spruce_dark_ceiling_fan	Spruce Dark Ceiling Fan	Тёмный еловый потолочный вентилятор
block	refurbished_furniture:spruce_desk	Spruce Desk	Еловый письменный стол
block	refurbished_furniture:spruce_drawer	Spruce Drawer	Еловый ящик
block	refurbished_furniture:spruce_hedge	Spruce Hedge	Еловая изгородь
block	refurbished_furniture:spruce_kitchen_cabinetry	Spruce Kitchen Cabinetry	Еловая кухонная мебель
block	refurbished_furniture:spruce_kitchen_drawer	Spruce Kitchen Drawer	Еловый кухонный ящик
block	refurbished_furniture:spruce_kitchen_sink	Spruce Kitchen Sink	Еловая кухонная раковина
block	refurbished_furniture:spruce_kitchen_storage_cabinet	Spruce Kitchen Storage Cabinet	Еловый кухонный шкаф
block	refurbished_furniture:spruce_lattice_fence	Spruce Lattice Fence	Еловая решётчатая ограда
block	refurbished_furniture:spruce_lattice_fence_gate	Spruce Lattice Fence Gate	Еловая решётчатая калитка
block	refurbished_furniture:spruce_light_ceiling_fan	Spruce Light Ceiling Fan	Светлый еловый потолочный вентилятор
block	refurbished_furniture:spruce_mail_box	Spruce Mailbox	Еловый почтовый ящик
block	refurbished_furniture:spruce_storage_cabinet	Spruce Storage Cabinet	Еловый шкаф для хранения
block	refurbished_furniture:spruce_storage_jar	Spruce Storage Jar	Еловая банка для хранения
block	refurbished_furniture:spruce_table	Spruce Table	Еловый стол
block	refurbished_furniture:spruce_toilet	Spruce Toilet	Еловый унитаз
block	refurbished_furniture:stone_stepping_stones	Stone Stepping Stones	Каменные шаговые камни
block	refurbished_furniture:television	Television	Телевизор
block	refurbished_furniture:warped_basin	Warped Basin	Искажённая раковина
block	refurbished_furniture:warped_bath	Warped Bath	Искажённая ванна
block	refurbished_furniture:warped_chair	Warped Chair	Искажённый стул
block	refurbished_furniture:warped_crate	Warped Crate	Искажённый ящик
block	refurbished_furniture:warped_cutting_board	Warped Cutting Board	Искажённая разделочная доска
block	refurbished_furniture:warped_dark_ceiling_fan	Warped Dark Ceiling Fan	Тёмный искажённый потолочный вентилятор
block	refurbished_furniture:warped_desk	Warped Desk	Искажённый письменный стол
block	refurbished_furniture:warped_drawer	Warped Drawer	Искажённый ящик
block	refurbished_furniture:warped_kitchen_cabinetry	Warped Kitchen Cabinetry	Искажённая кухонная мебель
block	refurbished_furniture:warped_kitchen_drawer	Warped Kitchen Drawer	Искажённый кухонный ящик
block	refurbished_furniture:warped_kitchen_sink	Warped Kitchen Sink	Искажённая кухонная раковина
block	refurbished_furniture:warped_kitchen_storage_cabinet	Warped Kitchen Storage Cabinet	Искажённый кухонный шкаф
block	refurbished_furniture:warped_lattice_fence	Warped Lattice Fence	Искажённая решётчатая ограда
block	refurbished_furniture:warped_lattice_fence_gate	Warped Lattice Fence Gate	Искажённая решётчатая калитка
block	refurbished_furniture:warped_light_ceiling_fan	Warped Light Ceiling Fan	Светлый искажённый потолочный вентилятор
block	refurbished_furniture:warped_mail_box	Warped Mailbox	Искажённый почтовый ящик
block	refurbished_furniture:warped_storage_cabinet	Warped Storage Cabinet	Искажённый шкаф для хранения
block	refurbished_furniture:warped_storage_jar	Warped Storage Jar	Искажённая банка для хранения
block	refurbished_furniture:warped_table	Warped Table	Искажённый стол
block	refurbished_furniture:warped_toilet	Warped Toilet	Искажённый унитаз
block	refurbished_furniture:white_basin	White Basin	Белая раковина
block	refurbished_furniture:white_bath	White Bath	Белая ванна
block	refurbished_furniture:white_cooler	White Cooler	Белый охладитель
block	refurbished_furniture:white_grill	White Grill	Белый гриль
block	refurbished_furniture:white_kitchen_cabinetry	White Kitchen Cabinetry	Белая кухонная мебель
block	refurbished_furniture:white_kitchen_drawer	White Kitchen Drawer	Белый кухонный ящик
block	refurbished_furniture:white_kitchen_sink	White Kitchen Sink	Белая кухонная раковина
block	refurbished_furniture:white_kitchen_storage_cabinet	White Kitchen Storage Cabinet	Белый кухонный шкаф
block	refurbished_furniture:white_lamp	White Lamp	Белая лампа
block	refurbished_furniture:white_sofa	White Sofa	Белый диван
block	refurbished_furniture:white_stool	White Stool	Белый табурет
block	refurbished_furniture:white_toilet	White Toilet	Белый унитаз
block	refurbished_furniture:white_trampoline	White Trampoline	Белый батут
block	refurbished_furniture:workbench	Workbench	Верстак
block	refurbished_furniture:yellow_basin	Yellow Basin	Жёлтая раковина
block	refurbished_furniture:yellow_bath	Yellow Bath	Жёлтая ванна
block	refurbished_furniture:yellow_cooler	Yellow Cooler	Жёлтый охладитель
block	refurbished_furniture:yellow_grill	Yellow Grill	Жёлтый гриль
block	refurbished_furniture:yellow_kitchen_cabinetry	Yellow Kitchen Cabinetry	Жёлтая кухонная мебель
block	refurbished_furniture:yellow_kitchen_drawer	Yellow Kitchen Drawer	Жёлтый кухонный ящик
block	refurbished_furniture:yellow_kitchen_sink	Yellow Kitchen Sink	Жёлтая кухонная раковина
block	refurbished_furniture:yellow_kitchen_storage_cabinet	Yellow Kitchen Storage Cabinet	Жёлтый кухонный шкаф
block	refurbished_furniture:yellow_lamp	Yellow Lamp	Жёлтая лампа
block	refurbished_furniture:yellow_sofa	Yellow Sofa	Жёлтый диван
block	refurbished_furniture:yellow_stool	Yellow Stool	Жёлтый табурет
block	refurbished_furniture:yellow_toilet	Yellow Toilet	Жёлтый унитаз
block	refurbished_furniture:yellow_trampoline	Yellow Trampoline	Жёлтый батут
item	refurbished_furniture:bread_slice	Bread Slice	Ломтик хлеба
item	refurbished_furniture:cheese	Cheese	Сыр
item	refurbished_furniture:cheese_sandwich	Cheese Sandwich	Сэндвич с сыром
item	refurbished_furniture:cheese_toastie	Grilled Cheese	Гренки с сыром
item	refurbished_furniture:cooked_meatlovers_pizza	Cooked Meat Pizza	Готовая мясная пицца
item	refurbished_furniture:cooked_vegetable_pizza	Cooked Vegetable Pizza	Готовая овощная пицца
item	refurbished_furniture:dark_fridge	Dark Fridge	Тёмный холодильник
item	refurbished_furniture:dough	Dough	Тесто
item	refurbished_furniture:glow_berry_jam	Glow Berry Jam	Варенье из светящихся ягод
item	refurbished_furniture:glow_berry_jam_toast	Glow Berry Jam Toast	Тост с вареньем из светящихся ягод
item	refurbished_furniture:knife	Knife	Нож
item	refurbished_furniture:light_fridge	Light Fridge	Светлый холодильник
item	refurbished_furniture:meatlovers_pizza_slice	Meat Pizza Slice	Кусок мясной пиццы
item	refurbished_furniture:package	Package	Посылка
item	refurbished_furniture:raw_meatlovers_pizza	Raw Meat Pizza	Сырая мясная пицца
item	refurbished_furniture:raw_vegetable_pizza	Raw Vegetable Pizza	Сырая овощная пицца
item	refurbished_furniture:sea_salt	Sea Salt	Морская соль
item	refurbished_furniture:spatula	Spatula	Лопатка
item	refurbished_furniture:sweet_berry_jam	Sweet Berry Jam	Варенье из сладких ягод
item	refurbished_furniture:sweet_berry_jam_toast	Sweet Berry Jam Toast	Тост с вареньем из сладких ягод
item	refurbished_furniture:television_remote	Television Remote	Пульт от телевизора
item	refurbished_furniture:toast	Toast	Тост
item	refurbished_furniture:vegetable_pizza_slice	Vegetable Pizza Slice	Кусок овощной пиццы
item	refurbished_furniture:wheat_flour	Wheat Flour	Пшеничная мука
item	refurbished_furniture:wrench	Wrench	Гаечный ключ
