# survival_instinct | файл survival_instinct-1.0.2-forge-1.20.1.jar | лицензия в mods.toml: Academic Free License v3.0
type	id	en	ru
block	survival_instinct:aluminium_block	Aluminium Block	Блок алюминия
block	survival_instinct:barricade	Barricade	Баррикада
block	survival_instinct:bear_trap	Bear Trap	Медвежий капкан
block	survival_instinct:bear_trap_close	Bear Trap Close	Закрытый медвежий капкан
block	survival_instinct:cash_register	Cash Register	Кассовый аппарат
block	survival_instinct:crate	Crate	Ящик
block	survival_instinct:deepslate_sulfur_ore	Deepslate Sulfur Ore	Серная руда в глубинных сланцах
block	survival_instinct:explosive_barrel	Explosive Barrel	Взрывоопасная бочка
block	survival_instinct:homemade_mine	Homemade Mine	Самодельная мина
block	survival_instinct:propane	Propane	Пропан
block	survival_instinct:raw_steellium_block	Raw Steellium Block	Блок сырого стеллиума
block	survival_instinct:refrigerator	Refrigerator	Холодильник
block	survival_instinct:rope_trap	Rope Trap	Верёвочная ловушка
block	survival_instinct:steellium_block	Steellium Block	Блок стеллиума
block	survival_instinct:steellium_ore	Steellium Ore	Стеллиумовая руда
block	survival_instinct:stop_sing	Stop Sing	Знак «Стоп»
block	survival_instinct:sulfur_ore	Sulfur Ore	Серная руда
block	survival_instinct:trash_can	Trash Can	Мусорный бак
block	survival_instinct:wire	Wire	Проволока
block	survival_instinct:wire_trap	Wire Trap	Проволочная ловушка
item	survival_instinct:adrenaline_injector	Adrenaline Injector	Инъектор адреналина
item	survival_instinct:adrenaline_syringe	Adrenaline Syringe	Шприц с адреналином
item	survival_instinct:alcohol_wipes	Alcohol Wipes	Спиртовые салфетки
item	survival_instinct:aluminium	Aluminium	Алюминий
item	survival_instinct:aluminium_axe	Aluminium Axe	Алюминиевый топор
item	survival_instinct:aluminium_hoe	Aluminium Hoe	Алюминиевая мотыга
item	survival_instinct:aluminium_pickaxe	Aluminium Pickaxe	Алюминиевая кирка
item	survival_instinct:aluminium_shovel	Aluminium Shovel	Алюминиевая лопата
item	survival_instinct:aluminium_sword	Aluminium Sword	Алюминиевый меч
item	survival_instinct:american_fist	American Fist	Американская перчатка
item	survival_instinct:analgesic	Painkiller	Обезболивающее
item	survival_instinct:antibiotics	Antibiotics	Антибиотики
item	survival_instinct:apple_juice	Apple Juice	Яблочный сок
item	survival_instinct:appliance_magazine	Appliance Magazine	Журнал «Бытовая техника»
item	survival_instinct:armored_panel	Armored Panel	Бронированная панель
item	survival_instinct:artic_guillie_boots	Artic Guillie Boots	Ботинки маскировочные (арктические)
item	survival_instinct:artic_guillie_chestplate	Artic Guillie Vest	Жилет маскировочный (арктический)
item	survival_instinct:artic_guillie_helmet	Artic Guillie Hood	Капюшон маскировочный (арктический)
item	survival_instinct:artic_guillie_leggings	Artic Guillie Pants	Штаны маскировочные (арктические)
item	survival_instinct:automobile_magazine	Automobile Magazine	Журнал «Автомобили»
item	survival_instinct:b_aseball_bat_with_nails_sword	Baseball Bat with Nails	Бейсбольная бита с гвоздями
item	survival_instinct:bandage	Disinfected Bandages	Дезинфицирующие бинты
item	survival_instinct:baseball_bat_sword	Baseball Bat	Бейсбольная бита
item	survival_instinct:batteries	Batteries	Батарейки
item	survival_instinct:bean_can	Bean Can	Консервированная фасоль
item	survival_instinct:beer	Beer	Пиво
item	survival_instinct:beetroot_seeds_package	Beetroot Seeds Package	Упаковка семян свёклы
item	survival_instinct:black_hunter_helmet	Hunter Helmet	Шлем охотника (чёрный)
item	survival_instinct:black_juggernaut_boots	Juggernaut Boots	Ботинки Джаггернаута (чёрные)
item	survival_instinct:black_juggernaut_chestplate	Juggernaut Vest	Нагрудник Джаггернаута (чёрный)
item	survival_instinct:black_juggernaut_helmet	Juggernaut Helmet	Шлем Джаггернаута (чёрный)
item	survival_instinct:black_juggernaut_leggings	Juggernaut Pants	Поножи Джаггернаута (чёрные)
item	survival_instinct:black_recluit_armor_boots	Recluit Boots	Ботинки рекрута (чёрные)
item	survival_instinct:black_recluit_armor_chestplate	Recluit Vest	Жилет рекрута (чёрный)
item	survival_instinct:black_recluit_armor_helmet	Recluit Hat	Шляпа рекрута (чёрная)
item	survival_instinct:black_recluit_armor_leggings	Recluit Pants	Штаны рекрута (чёрные)
item	survival_instinct:black_rockie_armor_boots	Rockie Boots	Ботинки новичка (чёрные)
item	survival_instinct:black_rockie_armor_chestplate	Rockie Vest	Жилет новичка (чёрный)
item	survival_instinct:black_rockie_armor_helmet	Rockie Helmet	Шлем новичка (чёрный)
item	survival_instinct:black_rockie_armor_leggings	Rockie Pants	Штаны новичка (чёрные)
item	survival_instinct:blood_syringe	Blood Syringe	Шприц с кровью
item	survival_instinct:blue_soda	Blue Soda	Синяя газировка
item	survival_instinct:body_armor_plate_i	Body Armor Plate I	Пластина бронежилета I
item	survival_instinct:body_armor_plate_ii	Body Armor Plate II	Пластина бронежилета II
item	survival_instinct:bottle_of_water	Bottle of Water	Бутылка воды
item	survival_instinct:brick_hammer	Brick Hammer	Кирпичный молот
item	survival_instinct:broken_bottle_sword	Broken Bottle	Разбитая бутылка
item	survival_instinct:can	Can	Банка
item	survival_instinct:carrots_package	Carrots Package	Упаковка моркови
item	survival_instinct:cheese_chips	Cheese Chips	Сырные чипсы
item	survival_instinct:chicken_head_helmet	Chicken Head	Голова курицы
item	survival_instinct:chocolate_bar	Chocolate Bar	Шоколадный батончик
item	survival_instinct:circular_saw	Circular Saw	Циркулярная пила
item	survival_instinct:cloth	Cloth	Ткань
item	survival_instinct:cloth_balaclava_helmet	Cloth Balaclava	Тканевая балаклава
item	survival_instinct:cod_can	Cod Can	Консервированная треска
item	survival_instinct:coins	Coins	Монеты
item	survival_instinct:desert_hunter_helmet	Hunter Helmet	Шлем охотника (пустынный)
item	survival_instinct:desert_juggernaut_boots	Juggernaut Boots	Ботинки Джаггернаута (пустынные)
item	survival_instinct:desert_juggernaut_chestplate	Juggernaut Vest	Нагрудник Джаггернаута (пустынный)
item	survival_instinct:desert_juggernaut_helmet	Juggernaut Helmet	Шлем Джаггернаута (пустынный)
item	survival_instinct:desert_juggernaut_leggings	Juggernaut Pants	Поножи Джаггернаута (пустынные)
item	survival_instinct:desert_recluit_armor_boots	Recluit Boots	Ботинки рекрута (пустынные)
item	survival_instinct:desert_recluit_armor_chestplate	Recluit Vest	Жилет рекрута (пустынный)
item	survival_instinct:desert_recluit_armor_helmet	Recluit Hat	Шляпа рекрута (пустынная)
item	survival_instinct:desert_recluit_armor_leggings	Recluit Pants	Штаны рекрута (пустынные)
item	survival_instinct:desert_rockie_armor_boots	Rockie Boots	Ботинки новичка (пустынные)
item	survival_instinct:desert_rockie_armor_chestplate	Rockie Vest	Жилет новичка (пустынный)
item	survival_instinct:desert_rockie_armor_helmet	Rockie Helmet	Шлем новичка (пустынный)
item	survival_instinct:desert_rockie_armor_leggings	Rockie Pants	Штаны новичка (пустынные)
item	survival_instinct:dungeons_and_combat_magazine	Dungeons And Combat Magazine	Журнал «Подземелья и Бои»
item	survival_instinct:electric_baton_sword	Electric Baton	Электро-дубинка
item	survival_instinct:electric_fist	Electric Gauntlet	Электрическая перчатка
item	survival_instinct:electric_guitar_greataxe	Electric Guitar	Электрогитара
item	survival_instinct:electronic_scrap	Electronic Scrap	Электронный лом
item	survival_instinct:empty_bag	Empty Bag	Пустая сумка
item	survival_instinct:empty_bottle	Empty Bottle	Пустая бутылка
item	survival_instinct:empty_can	Empty Can	Пустая банка
item	survival_instinct:energy_can	Energy Can	Банка энергетика
item	survival_instinct:energy_storage_battery	Energy Storage Battery	Аккумулятор энергии
item	survival_instinct:exo_boots	Exoskeleton Boots	Экзо-ботинки
item	survival_instinct:exo_chestplate	Exoskeleton Chestplate	Экзо-нагрудник
item	survival_instinct:exo_component	Exo-Component	Экзо-компонент
item	survival_instinct:exo_heavy_black_boots	Exo Heavy Boots	Тяжёлые экзо-ботинки (чёрные)
item	survival_instinct:exo_heavy_black_chestplate	Exo Heavy Chestplate	Тяжёлый экзо-нагрудник (чёрный)
item	survival_instinct:exo_heavy_black_helmet	Exo Heavy Helmet	Тяжёлый экзо-шлем (чёрный)
item	survival_instinct:exo_heavy_black_leggings	Exo Heavy Leggings	Тяжёлые экзо-поножи (чёрные)
item	survival_instinct:exo_heavy_desert_boots	Exo Heavy Boots	Тяжёлые экзо-ботинки (пустынные)
item	survival_instinct:exo_heavy_desert_chestplate	Exo Heavy Chestplate	Тяжёлый экзо-нагрудник (пустынный)
item	survival_instinct:exo_heavy_desert_helmet	Exo Heavy Helmet	Тяжёлый экзо-шлем (пустынный)
item	survival_instinct:exo_heavy_desert_leggings	Exo Heavy Leggings	Тяжёлые экзо-поножи (пустынные)
item	survival_instinct:exo_heavy_green_boots	Exo Heavy Boots	Тяжёлые экзо-ботинки (зелёные)
item	survival_instinct:exo_heavy_green_chestplate	Exo Heavy Chestplate	Тяжёлый экзо-нагрудник (зелёный)
item	survival_instinct:exo_heavy_green_helmet	Exo Heavy Helmet	Тяжёлый экзо-шлем (зелёный)
item	survival_instinct:exo_heavy_green_leggings	Exo Heavy Leggings	Тяжёлые экзо-поножи (зелёные)
item	survival_instinct:exo_helmet	Exoskeleton Helmet	Экзо-шлем
item	survival_instinct:exo_leggings	Exoskeleton Leggings	Экзо-поножи
item	survival_instinct:fire_axe	Fire Axe	Пожарный топор
item	survival_instinct:fire_fighter_boots	Fire Fighter Boots	Ботинки пожарного
item	survival_instinct:fire_fighter_chestplate	Fire Fighter Vest	Жилет пожарного
item	survival_instinct:fire_fighter_helmet	Fire Fighter Mask	Маска пожарного
item	survival_instinct:fire_fighter_leggings	Fire Fighter Pants	Штаны пожарного
item	survival_instinct:fruit_can	Fruit Can	Фруктовые консервы
item	survival_instinct:gallon_of_milk	Gallon Of Milk	Галлон молока
item	survival_instinct:gallon_of_water	Gallon Of Water	Галлон воды
item	survival_instinct:garbage_bag	Garbage Bag	Мусорный мешок
item	survival_instinct:gas_mask_helmet	Gas Mask	Противогаз
item	survival_instinct:gasoline_can	Gasoline Can	Канистра с бензином
item	survival_instinct:glaive_chainsaw	Chainsaw	Бензопила
item	survival_instinct:glaive_circular_saw	Circularsaw	Дисковая пила
item	survival_instinct:glaive_with_machete	Lance with Machete	Копьё с мачете
item	survival_instinct:greataxe_stop_sign	Stop Sign	Знак «Стоп»
item	survival_instinct:greataxe_stop_sing_broken	Stop Sign Greataxe	Двуручный топор из знака «Стоп»
item	survival_instinct:green_hunter_helmet	Hunter Helmet	Шлем охотника (зелёный)
item	survival_instinct:green_juggernaut_boots	Juggernaut Boots	Ботинки Джаггернаута (зелёные)
item	survival_instinct:green_juggernaut_chestplate	Juggernaut Vest	Нагрудник Джаггернаута (зелёный)
item	survival_instinct:green_juggernaut_helmet	Juggernaut Helmet	Шлем Джаггернаута (зелёный)
item	survival_instinct:green_juggernaut_leggings	Juggernaut Pants	Поножи Джаггернаута (зелёные)
item	survival_instinct:green_recluit_armor_boots	Recluit Boots	Ботинки рекрута (зелёные)
item	survival_instinct:green_recluit_armor_chestplate	Recluit Vest	Жилет рекрута (зелёный)
item	survival_instinct:green_recluit_armor_helmet	Recluit Hat	Шляпа рекрута (зелёная)
item	survival_instinct:green_recluit_armor_leggings	Recluit Pants	Штаны рекрута (зелёные)
item	survival_instinct:green_rockie_armor_boots	Rockie Boots	Ботинки новичка (зелёные)
item	survival_instinct:green_rockie_armor_chestplate	Rockie Vest	Жилет новичка
item	survival_instinct:green_rockie_armor_helmet	Rockie Helmet	Шлем новичка (зелёный)
item	survival_instinct:green_rockie_armor_leggings	Rockie Pants	Штаны новичка
item	survival_instinct:guillie_boots	Oak Guillie Boots	Ботинки маскировочные (дубовые)
item	survival_instinct:guillie_chestplate	Oak Guillie Vest	Жилет маскировочный (дубовый)
item	survival_instinct:guillie_helmet	Oak Guillie Hood	Капюшон маскировочный (дубовый)
item	survival_instinct:guillie_leggings	Oak Guillie Pants	Штаны маскировочные (дубовые)
item	survival_instinct:hand_axe	Hand Axe	Ручной топор
item	survival_instinct:hand_hammer	Hand Hammer	Ручной молот
item	survival_instinct:hazmat_boots	Hazmat Boots	Ботинки химзащиты
item	survival_instinct:hazmat_chestplate	Hazmat Vest	Жилет химзащиты
item	survival_instinct:hazmat_helmet	Hazmat Mask	Маска химзащиты
item	survival_instinct:hazmat_leggings	Hazmat Pants	Штаны химзащиты
item	survival_instinct:homemade_bandage	Homemade Bandage	Самодельный бинт
item	survival_instinct:homemade_impact_bomb	Homemade Impact Bomb	Самодельная ударная бомба
item	survival_instinct:hunt_knife	Hunt Knife	Охотничий нож
item	survival_instinct:katana	Katana	Катана
item	survival_instinct:kitchen_knife	Kitchen Knife	Кухонный нож
item	survival_instinct:lance_pitchfork	Pitchfork	Вилки-копьё
item	survival_instinct:lance_wit_screwdriver	Lance Wit Screwdriver	Копьё с отвёрткой
item	survival_instinct:lance_with_broken_bottle	Lance With Broken Bottle	Копьё с разбитой бутылкой
item	survival_instinct:lance_with_knife	Lance With Knife	Копьё с ножом
item	survival_instinct:lemon_soda	Lemon Soda	Лимонная газировка
item	survival_instinct:lever_mace	Lever	Лом
item	survival_instinct:machete	Machete	Мачете
item	survival_instinct:meat_can	Meat Can	Мясные консервы
item	survival_instinct:medkit_bag	Medkit Bag	Сумка с медикаментами
item	survival_instinct:melon_seeds_package	Melon Seeds Package	Упаковка семян арбуза
item	survival_instinct:metal_baseballbat_hammer	Metal Baseball Bat	Металлическая бейсбольная бита
item	survival_instinct:military_boots	Military Boots	Военные ботинки
item	survival_instinct:military_can	Military Can	Военные консервы
item	survival_instinct:military_chestplate	Military Vest	Военный жилет
item	survival_instinct:military_helmet	Military Helmet	Военный шлем
item	survival_instinct:military_leggings	Military Pants	Военные штаны
item	survival_instinct:milk	Milk	Молоко
item	survival_instinct:molotov_cocktail	Molotov Cocktail	Коктейль Молотова
item	survival_instinct:money	Money	Деньги
item	survival_instinct:monster_can	Monster Can	Банка «Монстра»
item	survival_instinct:morphine_injector	Morphine Injector	Инъектор морфина
item	survival_instinct:morphine_syringe	Morphine Syringe	Шприц с морфином
item	survival_instinct:motorcycle_helmet	Motorcycle Helmet	Мотоциклетный шлем
item	survival_instinct:mre	MRE	ИРП (индивидуальный рацион питания)
item	survival_instinct:nail	Nail	Гвоздь
item	survival_instinct:nailgun	Nailgun	Гвоздомёт
item	survival_instinct:nails_box	Nails Box	Коробка гвоздей
item	survival_instinct:nails_hammer	Hammer	Молоток
item	survival_instinct:night_vision_goggles_helmet	Night Vision Goggles	Очки ночного видения
item	survival_instinct:orange	Orange	Апельсин
item	survival_instinct:orange_juice	Orange Juice	Апельсиновый сок
item	survival_instinct:pipe_wrench_mace	Pipe Wrench	Трубный ключ
item	survival_instinct:plank_sword	Plank	Доска
item	survival_instinct:plank_with_nails_sword	Plank with Nails	Доска с гвоздями
item	survival_instinct:police_baton_mace	Police Baton	Полицейская дубинка
item	survival_instinct:police_boots	Police Boots	Ботинки полицейского
item	survival_instinct:police_chestplate	Police Vest	Жилет полицейского
item	survival_instinct:police_helmet	Police Hat	Фуражка полицейского
item	survival_instinct:police_leggings	Police Pants	Штаны полицейского
item	survival_instinct:polyethylene_sheet	Polyethylene Sheet	Лист полиэтилена
item	survival_instinct:potato_chips	Potato Chips	Картофельные чипсы
item	survival_instinct:potato_package	Potato Package	Упаковка картофеля
item	survival_instinct:pumpkin_seeds_package	Pumpkin Seeds Package	Упаковка семян тыквы
item	survival_instinct:raw_steellium	Raw Steellium	Сырой стеллиум
item	survival_instinct:red_soda	Red Soda	Красная газировка
item	survival_instinct:rice_cookie	Rice Cookie	Рисовое печенье
item	survival_instinct:rope	Rope	Верёвка
item	survival_instinct:rotten_apple	Rotten Apple	Гнилое яблоко
item	survival_instinct:rotten_orange	Rotten Orange	Гнилой апельсин
item	survival_instinct:sardine_can	Sardine Can	Консервированные сардины
item	survival_instinct:saw_axe	Saw Sword-Axe	Пила-меч-топор
item	survival_instinct:screwdriver_rapier	Screwdriver	Отвёртка
item	survival_instinct:sickle	Sickle	Серп
item	survival_instinct:sledge_great_hammer	SledgeHammer	Кувалда
item	survival_instinct:smithing_template_prototype	Smithing Template	Кузнечный шаблон
item	survival_instinct:spruce_guillie_boots	Spruce Guillie Boots	Ботинки маскировочные (еловые)
item	survival_instinct:spruce_guillie_chestplate	Spruce Guillie Vest	Жилет маскировочный (еловый)
item	survival_instinct:spruce_guillie_helmet	Spruce Guillie Hood	Капюшон маскировочный (еловый)
item	survival_instinct:spruce_guillie_leggings	Spruce Guillie Pants	Штаны маскировочные (еловые)
item	survival_instinct:steellium	Steellium Ingot	Слиток стеллиума
item	survival_instinct:steellium_nugget	Steellium Nugget	Кусочек стеллиума
item	survival_instinct:steellium_pipe_mace	Steellium Pipe	Труба из стеллиума
item	survival_instinct:steellium_sword	Steellium Sword	Меч из стеллиума
item	survival_instinct:stellium_axe	Steellium Axe	Топор из стеллиума
item	survival_instinct:stellium_hoe	Steellium Hoe	Мотыга из стеллиума
item	survival_instinct:stellium_pickaxe	Steellium Pickaxe	Кирка из стеллиума
item	survival_instinct:stellium_shovel	Steellium Shovel	Лопата из стеллиума
item	survival_instinct:stop_sing_head	Stop Sing Head	Голова знака «Стоп»
item	survival_instinct:stop_sing_shield	Stop Sing Shield	Щит из знака «Стоп»
item	survival_instinct:sulfur	Sulfur	Сера
item	survival_instinct:sulfur_dust	Sulfur Dust	Серная пыль
item	survival_instinct:survival_medkit	Survival Medkit	Аптечка выживания
item	survival_instinct:swat_shield	Swat Shield	Щит спецназа
item	survival_instinct:tactical_knife	Tactical Knife	Тактический нож
item	survival_instinct:tequila	Tequila	Текила
item	survival_instinct:thread	Thread	Нить
item	survival_instinct:tier_i_kevlar	Tier I Kevlar	Кевлар I уровня
item	survival_instinct:tier_ii_kevlar	Tier II Kevlar	Кевлар II уровня
item	survival_instinct:tier_iii_kevlar	Tier III Kevlar	Кевлар III уровня
item	survival_instinct:tier_iv_kevlar	Tier IV Kevlar	Кевлар IV уровня
item	survival_instinct:tomato_soup	Tomato Soup	Томатный суп
item	survival_instinct:tuna_can	Tuna Can	Консервированный тунец
item	survival_instinct:wheat_seeds_package	Wheat Seeds Package	Упаковка семян пшеницы
item	survival_instinct:whiskey	Whiskey	Виски
item	survival_instinct:wine	Wine	Вино
item	survival_instinct:wool_balaclava_helmet	Wool Balaclava	Шерстяная балаклава
item	survival_instinct:wrench_mace	Wrench	Гаечный ключ
